{
	"$schema": "https://raw.githubusercontent.com/WordPress/gutenberg/trunk/schemas/json/theme.json",
	"version": 3,
	"title": "Fill: Primary",
	"slug": "buttons-primary",
	"blockTypes": [
		"core/post-terms",
		"core/social-links",
		"core/tag-cloud"
	],
	"styles": {
		"typography": {
			"fontSize": { "ref": "styles.elements.button.typography.fontSize" },
			"fontWeight": { "ref": "styles.elements.button.typography.fontWeight" }
		},
		"elements": {
			"link": {
				"border": {
					"radius": { "ref": "styles.elements.button.border.radius" }
				},
				"color": {
					"background": { "ref": "styles.elements.button.color.background" },
					"text": { "ref": "styles.elements.button.color.text" }
				},
				"shadow": { "ref": "styles.elements.button.shadow" },
				"spacing": {
					"padding": {
						"top": { "ref": "styles.elements.button.spacing.padding.top" },
						"bottom": { "ref": "styles.elements.button.spacing.padding.bottom" },
						"left": { "ref": "styles.elements.button.spacing.padding.left" },
						"right": { "ref": "styles.elements.button.spacing.padding.right" }
					}
				},
				"typography": {
					"fontSize": "inherit !important",
					"fontWeight": "inherit !important",
					"lineHeight": { "ref": "styles.elements.button.typography.lineHeight" },
					"textDecoration": "none"
				},
				":active": {
					"typography": {
						"textDecoration": { "ref": "styles.elements.button.:focus.typography.textDecoration" }
					}
				},
				":focus": {
					"color": {
						"background": { "ref": "styles.elements.button.:focus.color.background" },
						"text": { "ref": "styles.elements.button.:focus.color.text" }
					},
					"shadow": { "ref": "styles.elements.button.:focus.shadow" },
					"typography": {
						"textDecoration": { "ref": "styles.elements.button.:focus.typography.textDecoration" }
					}
				},
				":hover": {
					"color": {
						"background": { "ref": "styles.elements.button.:hover.color.background" },
						"text": { "ref": "styles.elements.button.:hover.color.text" }
					},
					"shadow": { "ref": "styles.elements.button.:hover.shadow" },
					"typography": {
						"textDecoration": { "ref": "styles.elements.button.:hover.typography.textDecoration" }
					}
				}
			}
		},
		"blocks": {
			"core/social-link": {
				"color": {
					"background": { "ref": "styles.elements.button.color.background" },
					"text": { "ref": "styles.elements.button.color.text" }
				},
				"elements": {
					"link": {
						"border": {
							"radius": { "ref": "styles.elements.button.border.radius" }
						},
						"shadow": { "ref": "styles.elements.button.shadow" },
						":focus": {
							"color": {
								"background": { "ref": "styles.elements.button.:focus.color.background" },
								"text": { "ref": "styles.elements.button.:focus.color.text" }
							},
							"typography": {
								"textDecoration": { "ref": "styles.elements.button.:focus.typography.textDecoration" }
							}
						},
						":hover": {
							"color": {
								"background": { "ref": "styles.elements.button.:hover.color.background" },
								"text": { "ref": "styles.elements.button.:hover.color.text" }
							},
							"typography": {
								"textDecoration": { "ref": "styles.elements.button.:hover.typography.textDecoration" }
							}
						}
					}
				}
			}
		}
	}
}
