{
	"$schema": "https://raw.githubusercontent.com/WordPress/gutenberg/trunk/schemas/json/theme.json",
	"version": 3,
	"title": "Style 1",
	"slug": "section-1",
	"blockTypes": [
		"core/code",
		"core/column",
		"core/columns",
		"core/comment-content",
		"core/comment-template",
		"core/comments",
		"core/details",
		"core/group",
		"core/media-text",
		"core/post-comments-form",
		"core/query"
	],
	"styles": {
		"color": {
			"background": "var:custom|color|surface|level-0",
			"text": "var:custom|color|text|default"
		},
		"spacing": {
			"padding": {
				"top": "var:preset|spacing|plus-3",
				"bottom": "var:preset|spacing|plus-3",
				"left": "var:preset|spacing|plus-3",
				"right": "var:preset|spacing|plus-3"
			}
		}
	}
}
