{
	"$schema": "https://schemas.wp.org/trunk/theme.json",
	"version": 3,
	"title": "Readable",
	"settings": {
		"typography": {
			"fontFamilies": [
				{
					"fontFamily": "'Lexend Deca', ui-sans-serif, sans-serif",
					"slug": "primary",
					"name": "Primary (Lexend Deca)",
					"fontFace": [
						{
							"fontFamily": "Lexend Deca",
							"fontWeight": "100 900",
							"fontStyle": "normal",
							"fontStretch": "normal",
							"src": [
								"file:./public/fonts/lexend/lexend-deca.woff2"
							]
						}
					]
				},
				{
					"fontFamily": "Lexend, ui-sans-serif, sans-serif",
					"slug": "secondary",
					"name": "Secondary (Lexend)",
					"fontFace": [
						{
							"fontFamily": "Lexend",
							"fontWeight": "100 900",
							"fontStyle": "normal",
							"fontStretch": "normal",
							"src": [
								"file:./public/fonts/lexend/lexend.woff2"
							]
						}
					]
				},
				{
					"fontFamily": "ui-monospace, 'Fira Code', 'Cascadia Code', 'Source Code Pro', Menlo, Consolas, 'DejaVu Sans Mono', monospace",
					"slug": "mono",
					"name": "Monospace"
				}
			]
		}
	},
	"styles": {
		"elements": {
			"button": {
				"typography": {
					"fontFamily": "var:preset|font-family|secondary",
					"fontWeight": "400"
				}
			},
			"caption": {
				"typography": {
					"fontFamily": "var:preset|font-family|primary",
					"fontSize": "var:preset|font-size|sm",
					"fontStyle": "normal",
					"fontWeight": "300",
					"textTransform": "none"
				}
			},
			"heading": {
				"typography": {
					"fontWeight": "400",
					"textTransform": "none"
				}
			},
			"h1": {
				"typography": {
					"fontWeight": "400"
				}
			}
		},
		"blocks": {
			"core/comments-title": {
				"typography": {
					"fontSize": "var:preset|font-size|xl",
					"lineHeight": "var:preset|line-height|xl"
				}
			},
			"core/gallery": {
				"typography": {
					"fontFamily": "var:preset|font-family|primary",
					"fontSize": "var:preset|font-size|sm",
					"fontStyle": "normal",
					"textTransform": "none"
				}
			},
			"core/image": {
				"typography": {
					"fontFamily": "var:preset|font-family|primary",
					"fontSize": "var:preset|font-size|sm",
					"fontStyle": "italic",
					"textTransform": "none"
				}
			},
			"core/navigation": {
				"typography": {
					"fontFamily": "var:preset|font-family|secondary",
					"fontSize": "var:preset|font-size|xs",
					"fontWeight": "300"
				}
			},
			"core/post-comments-form": {
				"elements": {
					"h3": {
						"typography": {
							"fontSize": "var:preset|font-size|xl",
							"lineHeight": "var:preset|line-height|xl"
						}
					}
				}
			},
			"core/pullquote": {
				"typography": {
					"fontFamily": "var:preset|font-family|primary",
					"fontStyle": "normal",
					"fontWeight": "200"
				},
				"elements": {
					"cite": {
						"typography": {
							"fontFamily": "var:preset|font-family|secondary",
							"fontStyle": "normal",
							"fontWeight": "200"
						}
					}
				}
			},
			"core/query-pagination": {
				"typography": {
					"fontFamily": "var:preset|font-family|secondary",
					"fontSize": "var:preset|font-size|sm",
					"fontWeight": "500",
					"lineHeight": "var:custom|line-height|sm"
				}
			},
			"core/quote": {
				"typography": {
					"fontFamily": "var:preset|font-family|secondary",
					"fontStyle": "normal"
				},
				"elements": {
					"cite": {
						"typography": {
							"fontFamily": "var:preset|font-family|secondary",
							"fontSize": "1em",
							"fontStyle": "normal",
							"fontWeight": "300"
						}
					}
				}
			},
			"core/site-title": {
				"typography": {
					"fontFamily": "var:preset|font-family|primary",
					"fontSize": "var:preset|font-size|md",
					"fontStyle": "normal",
					"fontWeight": "400",
					"letterSpacing": "0",
					"textTransform": "none"
				}
			},
			"core/verse": {
				"typography": {
					"fontFamily": "var:preset|font-family|primary",
					"fontSize": "var:preset|font-size|md",
					"fontStyle": "normal"
				}
			},
			"blogwheels/breadcrumbs": {
				"typography": {
					"fontFamily": "var:preset|font-family|secondary",
					"fontSize": "var:preset|font-size|xs",
					"fontStyle": "normal"
				}
			}
		},
		"variations": {
			"meta": {
				"typography": {
					"fontWeight": "300"
				}
			}
		}
	}
}
