{
	"$schema": "https://schemas.wp.org/trunk/theme.json",
	"version": 3,
	"title": "Sisters",
	"settings": {
		"typography": {
			"fontFamilies": [
				{
					"fontFamily": "'Love Ya Like A Sister', system-ui",
					"slug": "primary",
					"name": "Primary (Love Ya Like A Sister)",
					"fontFace": [
						{
							"fontFamily": "Love Ya Like A Sister",
							"fontWeight": "400",
							"fontStyle": "normal",
							"fontStretch": "normal",
							"src": [ "file:./public/fonts/love-ya-like-a-sister/love-ya-like-a-sister.woff2" ]
						}
					]
				},
				{
					"fontFamily": "Quicksand, Didot, 'Bodoni MT', 'Noto Serif Display', 'URW Palladio L', P052, Sylfaen, serif",
					"slug": "secondary",
					"name": "Secondary (Quicksand)",
					"fontFace": [
						{
							"fontFamily": "Quicksand",
							"fontWeight": "300 700",
							"fontStyle": "normal",
							"fontStretch": "normal",
							"src": [
								"file:./public/fonts/quicksand/quicksand.woff2"
							]
						}
					]
				},
				{
					"fontFamily": "ui-monospace, 'Fira Code', 'Cascadia Code', 'Source Code Pro', Menlo, Consolas, 'DejaVu Sans Mono', monospace",
					"slug": "mono",
					"name": "Monospace"
				}
			]
		}
	},
	"styles": {
		"elements": {
			"button": {
				"typography": {
					"fontFamily": "var:preset|font-family|secondary"
				}
			},
			"caption": {
				"typography": {
					"fontFamily": "var:preset|font-family|primary",
					"fontSize": "var:preset|font-size|md",
					"fontStyle": "normal",
					"textTransform": "none"
				}
			},
			"heading": {
				"typography": {
					"fontWeight": "400",
					"textTransform": "none"
				}
			},
			"h1": {
				"typography": {
					"fontWeight": "400"
				}
			}
		},
		"blocks": {
			"core/comments-title": {
				"typography": {
					"fontSize": "var:preset|font-size|xl",
					"lineHeight": "var:preset|line-height|xl"
				}
			},
			"core/gallery": {
				"typography": {
					"fontFamily": "var:preset|font-family|primary",
					"fontSize": "var:preset|font-size|md",
					"fontStyle": "normal",
					"textTransform": "none"
				}
			},
			"core/image": {
				"typography": {
					"fontFamily": "var:preset|font-family|primary",
					"fontSize": "var:preset|font-size|md",
					"fontStyle": "normal",
					"textTransform": "none"
				}
			},
			"core/navigation": {
				"typography": {
					"fontFamily": "var:preset|font-family|secondary",
					"fontSize": "var:preset|font-size|sm"
				}
			},
			"core/post-comments-form": {
				"elements": {
					"h3": {
						"typography": {
							"fontSize": "var:preset|font-size|xl",
							"lineHeight": "var:preset|line-height|xl"
						}
					}
				}
			},
			"core/pullquote": {
				"typography": {
					"fontFamily": "var:preset|font-family|primary",
					"fontStyle": "normal",
					"fontWeight": "400"
				},
				"elements": {
					"cite": {
						"typography": {
							"fontFamily": "var:preset|font-family|secondary",
							"fontStyle": "normal",
							"fontWeight": "300"
						}
					}
				}
			},
			"core/query-pagination": {
				"typography": {
					"fontFamily": "var:preset|font-family|secondary",
					"fontSize": "var:preset|font-size|sm",
					"fontWeight": "500",
					"lineHeight": "var:custom|line-height|sm"
				}
			},
			"core/quote": {
				"typography": {
					"fontFamily": "var:preset|font-family|secondary"
				},
				"elements": {
					"cite": {
						"typography": {
							"fontFamily": "var:preset|font-family|secondary",
							"fontSize": "1em",
							"fontStyle": "normal"
						}
					}
				}
			},
			"core/social-links": {
				"typography": {
					"fontFamily": "var:preset|font-family|secondary"
				}
			},
			"core/site-title": {
				"typography": {
					"fontFamily": "var:preset|font-family|primary",
					"fontSize": "var:preset|font-size|xl",
					"fontStyle": "normal",
					"fontWeight": "400",
					"letterSpacing": "0",
					"textTransform": "none"
				}
			},
			"core/verse": {
				"typography": {
					"fontFamily": "var:preset|font-family|primary",
					"fontSize": "var:preset|font-size|md",
					"fontStyle": "normal",
					"lineHeight": "var:custom|line-height|md"
				}
			},
			"blockwheels/breadcrumbs": {
				"typography": {
					"fontFamily": "var:preset|font-family|secondary",
					"fontSize": "var:preset|font-size|xs",
					"lineHeight": "var:custom|line-height|xs"
				}
			}
		}
	}
}
