{
	"$schema": "https://schemas.wp.org/trunk/theme.json",
	"version": 3,
	"title": "Storybook",
	"settings": {
		"typography": {
			"fontFamilies": [
				{
					"fontFamily": "'Playfair Display', Didot, 'Bodoni MT', 'Noto Serif Display', 'URW Palladio L', P052, Sylfaen, serif",
					"slug": "primary",
					"name": "Primary (Playfair Display)",
					"fontFace": [
						{
							"fontFamily": "Playfair Display",
							"fontWeight": "400 900",
							"fontStyle": "normal",
							"fontStretch": "normal",
							"src": [ "file:./public/fonts/playfair/playfair-display.woff2" ]
						},
						{
							"fontFamily": "Playfair Display",
							"fontWeight": "400 900",
							"fontStyle": "italic",
							"fontStretch": "normal",
							"src": [ "file:./public/fonts/playfair/playfair-display-italic.woff2" ]
						}
					]
				},
				{
					"fontFamily": "'Roboto Serif', Didot, 'Bodoni MT', 'Noto Serif Display', 'URW Palladio L', P052, Sylfaen, serif",
					"slug": "secondary",
					"name": "Secondary (Roboto Serif)",
					"fontFace": [
						{
							"fontFamily": "Roboto Serif",
							"fontWeight": "100 900",
							"fontStyle": "normal",
							"fontStretch": "100%",
							"src": [
								"file:./public/fonts/roboto/roboto-serif.woff2"
							]
						},
						{
							"fontFamily": "Roboto Serif",
							"fontWeight": "100 900",
							"fontStyle": "italic",
							"fontStretch": "100%",
							"src": [
								"file:./public/fonts/roboto/roboto-serif-italic.woff2"
							]
						}
					]
				},
				{
					"fontFamily": "ui-monospace, 'Fira Code', 'Cascadia Code', 'Source Code Pro', Menlo, Consolas, 'DejaVu Sans Mono', monospace",
					"slug": "mono",
					"name": "Monospace"
				}
			]
		}
	},
	"styles": {
		"elements": {
			"button": {
				"typography": {
					"fontFamily": "var:preset|font-family|secondary"
				}
			},
			"caption": {
				"typography": {
					"fontFamily": "var:preset|font-family|primary",
					"fontSize": "var:preset|font-size|sm",
					"fontStyle": "italic",
					"textTransform": "none"
				}
			},
			"heading": {
				"typography": {
					"fontWeight": "400",
					"textTransform": "none"
				}
			},
			"h1": {
				"typography": {
					"fontWeight": "400"
				}
			}
		},
		"blocks": {
			"core/comments-title": {
				"typography": {
					"fontSize": "var:preset|font-size|xl",
					"lineHeight": "var:preset|line-height|xl"
				}
			},
			"core/gallery": {
				"typography": {
					"fontFamily": "var:preset|font-family|primary",
					"fontSize": "var:preset|font-size|sm",
					"fontStyle": "italic",
					"textTransform": "none"
				}
			},
			"core/image": {
				"typography": {
					"fontFamily": "var:preset|font-family|primary",
					"fontSize": "var:preset|font-size|sm",
					"fontStyle": "italic",
					"textTransform": "none"
				}
			},
			"core/navigation": {
				"typography": {
					"fontFamily": "var:preset|font-family|secondary",
					"fontSize": "var:preset|font-size|xs"
				}
			},
			"core/post-comments-form": {
				"elements": {
					"h3": {
						"typography": {
							"fontSize": "var:preset|font-size|xl",
							"lineHeight": "var:preset|line-height|xl"
						}
					}
				}
			},
			"core/pullquote": {
				"typography": {
					"fontFamily": "var:preset|font-family|primary",
					"fontStyle": "italic"
				},
				"elements": {
					"cite": {
						"typography": {
							"fontFamily": "var:preset|font-family|secondary",
							"fontStyle": "normal",
							"fontWeight": "300"
						}
					}
				}
			},
			"core/query-pagination": {
				"typography": {
					"fontFamily": "var:preset|font-family|secondary",
					"fontSize": "var:preset|font-size|sm",
					"fontWeight": "500",
					"lineHeight": "var:custom|line-height|sm"
				}
			},
			"core/quote": {
				"typography": {
					"fontFamily": "var:preset|font-family|secondary"
				},
				"elements": {
					"cite": {
						"typography": {
							"fontFamily": "var:preset|font-family|primary",
							"fontSize": "1em",
							"fontStyle": "italic"
						}
					}
				}
			},
			"core/site-title": {
				"typography": {
					"fontFamily": "var:preset|font-family|primary",
					"fontSize": "var:preset|font-size|md",
					"fontStyle": "italic",
					"fontWeight": "700",
					"letterSpacing": "0",
					"textTransform": "none"
				}
			},
			"core/verse": {
				"typography": {
					"fontFamily": "var:preset|font-family|primary",
					"fontStyle": "italic"
				}
			},
			"blogwheels/breadcrumbs": {
				"typography": {
					"fontFamily": "var:preset|font-family|secondary",
					"fontSize": "var:preset|font-size|xs"
				}
			}
		}
	}
}
