{
	"$schema": "https://schemas.wp.org/trunk/theme.json",
	"version": 3,
	"title": "Unbroken",
	"settings": {
		"typography": {
			"fontFamilies": [
				{
					"fontFamily": "Montserrat, ui-sans-serif, sans-serif",
					"slug": "primary",
					"name": "Primary (Montserrat)",
					"fontFace": [
						{
							"fontFamily": "Montserrat",
							"fontWeight": "100 900",
							"fontStyle": "normal",
							"fontStretch": "normal",
							"src": [
								"file:./public/fonts/montserrat/montserrat.woff2"
							]
						},
						{
							"fontFamily": "Montserrat",
							"fontWeight": "100 900",
							"fontStyle": "italic",
							"fontStretch": "normal",
							"src": [
								"file:./public/fonts/montserrat/montserrat-italic.woff2"
							]
						}
					]
				},
				{
					"fontFamily": "Jost, ui-sans-serif, sans-serif",
					"slug": "secondary",
					"name": "Secondary (Jost)",
					"fontFace": [
						{
							"fontFamily": "Jost",
							"fontFeatureSettings": "'tnum', 'ss01' 1",
							"fontWeight": "100 900",
							"fontStyle": "normal",
							"fontStretch": "normal",
							"fontVariant": "slashed-zero",
							"src": [
								"file:./public/fonts/jost/jost.woff2"
							]
						},
						{
							"fontFamily": "Jost",
							"fontFeatureSettings": "'tnum', 'ss01' 1",
							"fontWeight": "100 900",
							"fontStyle": "italic",
							"fontStretch": "normal",
							"fontVariant": "slashed-zero",
							"src": [
								"file:./public/fonts/jost/jost-italic.woff2"
							]
						}
					]
				},
				{
					"fontFamily": "ui-monospace, 'Fira Code', 'Cascadia Code', 'Source Code Pro', Menlo, Consolas, 'DejaVu Sans Mono', monospace",
					"slug": "mono",
					"name": "Monospace"
				}
			]
		}
	},
	"styles": {
		"elements": {
			"button": {
				"typography": {
					"fontFamily": "var:preset|font-family|secondary",
					"fontSize": "var:preset|font-size|2-xs",
					"fontWeight": "500",
					"letterSpacing": "0.1em",
					"textTransform": "uppercase"
				}
			},
			"caption": {
				"typography": {
					"fontFamily": "var:preset|font-family|primary",
					"fontSize": "var:preset|font-size|sm",
					"fontStyle": "normal",
					"fontWeight": "300",
					"textTransform": "none"
				}
			},
			"heading": {
				"typography": {
					"fontWeight": "600",
					"textTransform": "none"
				}
			},
			"h1": {
				"typography": {
					"fontWeight": "600"
				}
			}
		},
		"blocks": {
			"core/comments-title": {
				"typography": {
					"fontSize": "var:preset|font-size|xl",
					"lineHeight": "var:preset|line-height|xl"
				}
			},
			"core/gallery": {
				"typography": {
					"fontFamily": "var:preset|font-family|secondary",
					"fontSize": "var:preset|font-size|sm",
					"fontStyle": "normal",
					"textTransform": "none"
				}
			},
			"core/image": {
				"typography": {
					"fontFamily": "var:preset|font-family|secondary",
					"fontSize": "var:preset|font-size|sm",
					"fontStyle": "normal",
					"textTransform": "none"
				}
			},
			"core/navigation": {
				"typography": {
					"fontFamily": "var:preset|font-family|secondary",
					"fontSize": "var:preset|font-size|sm"
				}
			},
			"core/post-comments-form": {
				"elements": {
					"h3": {
						"typography": {
							"fontSize": "var:preset|font-size|xl",
							"lineHeight": "var:preset|line-height|xl"
						}
					}
				}
			},
			"core/pullquote": {
				"typography": {
					"fontFamily": "var:preset|font-family|secondary",
					"fontStyle": "normal",
					"fontWeight": "600"
				},
				"elements": {
					"cite": {
						"typography": {
							"fontFamily": "var:preset|font-family|primary",
							"fontStyle": "normal",
							"fontWeight": "300"
						}
					}
				}
			},
			"core/query-pagination": {
				"typography": {
					"fontFamily": "var:preset|font-family|secondary",
					"fontSize": "var:preset|font-size|sm",
					"fontWeight": "500",
					"lineHeight": "var:custom|line-height|sm"
				}
			},
			"core/quote": {
				"typography": {
					"fontFamily": "var:preset|font-family|secondary",
					"fontStyle": "italic"
				},
				"elements": {
					"cite": {
						"typography": {
							"fontFamily": "var:preset|font-family|primary",
							"fontSize": "0.875em",
							"fontStyle": "normal"
						}
					}
				}
			},
			"core/site-title": {
				"typography": {
					"fontFamily": "var:preset|font-family|primary",
					"fontSize": "var:preset|font-size|md",
					"fontStyle": "normal",
					"fontWeight": "600",
					"letterSpacing": "0",
					"textTransform": "none"
				}
			},
			"core/verse": {
				"typography": {
					"fontFamily": "var:preset|font-family|secondary",
					"fontSize": "var:preset|font-size|md",
					"fontStyle": "italic"
				}
			},
			"blogwheels/breadcrumbs": {
				"typography": {
					"fontFamily": "var:preset|font-family|secondary",
					"fontSize": "var:preset|font-size|xs"
				}
			}
		}
	}
}
