{
	"$schema": "https://schemas.wp.org/trunk/theme.json",
	"version": 3,
	"title": "A Little Bit Bookish",
	"settings": {
		"custom": {
			"variation": "a-little-bit-bookish",
			"global": {
				"border": {
					"color": "var:preset|color|neutral-100",
					"style": "solid",
					"width": "1px",
					"radius": "4px"
				},
				"shadow": "none",
				"fadedGradient": "linear-gradient( 225deg, #cdb8a425, transparent 80% ), linear-gradient( 180deg, transparent -40%, var( --wp--preset--color--base ) 100% )"
			},
			"elements": {
				"summary": {
					"fontWeight": "700"
				}
			},
			"embed": {
				"fontFamily": "var:preset|font-family|secondary"
			}
		},
		"color": {
			"palette": [
				{
					"slug": "base",
					"color": "#f5f1ea",
					"name": "Base"
				},
				{
					"slug": "contrast",
					"color": "#000000",
					"name": "Contrast"
				},
				{
					"slug": "primary-950",
					"color": "#3d1712",
					"name": "Primary: 950"
				},
				{
					"slug": "primary-900",
					"color": "#71332b",
					"name": "Primary: 900"
				},
				{
					"slug": "primary-800",
					"color": "#87372d",
					"name": "Primary: 800"
				},
				{
					"slug": "primary-700",
					"color": "#a33f32",
					"name": "Primary: 700"
				},
				{
					"slug": "primary-600",
					"color": "#c24f40",
					"name": "Primary: 600"
				},
				{
					"slug": "primary-500",
					"color": "#d76a5c",
					"name": "Primary: 500"
				},
				{
					"slug": "primary-400",
					"color": "#e58f84",
					"name": "Primary: 400"
				},
				{
					"slug": "primary-300",
					"color": "#f0b8b1",
					"name": "Primary: 300"
				},
				{
					"slug": "primary-200",
					"color": "#f7d5d1",
					"name": "Primary: 200"
				},
				{
					"slug": "primary-100",
					"color": "#fae8e6",
					"name": "Primary: 100"
				},
				{
					"slug": "primary-50",
					"color": "#fcf5f4",
					"name": "Primary: 50"
				},
				{
					"slug": "secondary-950",
					"color": "#192310",
					"name": "Secondary: 950"
				},
				{
					"slug": "secondary-900",
					"color": "#334225",
					"name": "Secondary: 900"
				},
				{
					"slug": "secondary-800",
					"color": "#394d27",
					"name": "Secondary: 800"
				},
				{
					"slug": "secondary-700",
					"color": "#455f2c",
					"name": "Secondary: 700"
				},
				{
					"slug": "secondary-600",
					"color": "#597b35",
					"name": "Secondary: 600"
				},
				{
					"slug": "secondary-500",
					"color": "#759e47",
					"name": "Secondary: 500"
				},
				{
					"slug": "secondary-400",
					"color": "#92b764",
					"name": "Secondary: 400"
				},
				{
					"slug": "secondary-300",
					"color": "#afcc8a",
					"name": "Secondary: 300"
				},
				{
					"slug": "secondary-200",
					"color": "#cfe1b5",
					"name": "Secondary: 200"
				},
				{
					"slug": "secondary-100",
					"color": "#e6efd8",
					"name": "Secondary: 100"
				},
				{
					"slug": "secondary-50",
					"color": "#f4f8ed",
					"name": "Secondary: 50"
				},
				{
					"slug": "neutral-950",
					"color": "#2a1e1e",
					"name": "Neutral: 950"
				},
				{
					"slug": "neutral-900",
					"color": "#4b3a38",
					"name": "Neutral: 900"
				},
				{
					"slug": "neutral-800",
					"color": "#56403d",
					"name": "Neutral: 800"
				},
				{
					"slug": "neutral-700",
					"color": "#644b44",
					"name": "Neutral: 700"
				},
				{
					"slug": "neutral-600",
					"color": "#7b5f53",
					"name": "Neutral: 600"
				},
				{
					"slug": "neutral-500",
					"color": "#866b5b",
					"name": "Neutral: 500"
				},
				{
					"slug": "neutral-400",
					"color": "#9f8470",
					"name": "Neutral: 400"
				},
				{
					"slug": "neutral-300",
					"color": "#b5a08f",
					"name": "Neutral: 300"
				},
				{
					"slug": "neutral-200",
					"color": "#d0c4b8",
					"name": "Neutral: 200"
				},
				{
					"slug": "neutral-100",
					"color": "#e7e1da",
					"name": "Neutral: 100"
				},
				{
					"slug": "neutral-50",
					"color": "#f5f3f1",
					"name": "Neutral: 50"
				},
				{
					"slug": "white",
					"color": "#ffffff",
					"name": "White"
				}
			]
		},
		"typography": {
			"fontFamilies": [
				{
					"fontFamily": "Playfair, Didot, 'Bodoni MT', 'Noto Serif Display', 'URW Palladio L', P052, Sylfaen, serif",
					"slug": "primary",
					"name": "Primary (Playfair)",
					"fontFace": [
						{
							"fontFamily": "Playfair",
							"fontWeight": "200 700",
							"fontStyle": "normal",
							"fontStretch": "normal",
							"src": [ "file:./public/fonts/playfair/playfair.woff2" ]
						},
						{
							"fontFamily": "Playfair",
							"fontWeight": "200 700",
							"fontStyle": "italic",
							"fontStretch": "normal",
							"src": [ "file:./public/fonts/playfair/playfair-italic.woff2" ]
						}
					]
				},
				{
					"fontFamily": "Charter, 'Bitstream Charter', 'Sitka Text', Cambria, Georgia, serif",
					"slug": "secondary",
					"name": "Secondary (Charter)"
				},
				{
					"fontFamily": "'Dancing Script', cursive",
					"slug": "tertiary",
					"name": "Tertiary (Dancing Script)",
					"fontFace": [
						{
							"fontFamily": "Dancing Script",
							"fontWeight": "400 700",
							"fontStyle": "normal",
							"fontStretch": "normal",
							"src": [ "file:./public/fonts/dancing-script/dancing-script.woff2" ]
						}
					]
				},
				{
					"fontFamily": "ui-monospace, 'Fira Code', 'Cascadia Code', 'Source Code Pro', Menlo, Consolas, 'DejaVu Sans Mono', monospace",
					"slug": "mono",
					"name": "Monospace"
				}
			]
		}
	},
	"styles": {
		"color": {
			"gradient": "linear-gradient( 225deg, #cdb8a425, transparent 25% ), linear-gradient( 45deg, #cdb8a425, transparent 25% )"
		},
		"elements": {
			"caption": {
				"typography": {
					"fontFamily": "var:preset|font-family|tertiary",
					"fontSize": "var:preset|font-size|md",
					"lineHeight": "var:custom|line-height|md"
				}
			}
		},
		"blocks": {
			"core/avatar": {
				"border": {
					"width": "3px",
					"color": "var:preset|color|primary-500",
					"style": "solid"
				}
			},
			"core/calendar": {
				"typography": {
					"fontFamily": "var:preset|font-family|tertiary"
				}
			},
			"core/post-comments-form": {
				"elements": {
					"h3": {
						"typography": {
							"fontSize": "var:preset|font-size|lg",
							"lineHeight": "var:custom|line-height|lg"
						}
					}
				}
			},
			"core/pullquote": {
				"typography": {
					"fontFamily": "var:preset|font-family|primary",
					"fontStyle": "italic"
				},
				"elements": {
					"cite": {
						"typography": {
							"fontFamily": "var:preset|font-family|tertiary",
							"fontSize": "var:preset|font-size|lg",
							"lineHeight": "var:custom|font-size|lg"
						}
					}
				}
			},
			"core/query-pagination": {
				"typography": {
					"fontFamily": "var:preset|font-family|tertiary",
					"fontSize": "var:preset|font-size|md",
					"fontWeight": "400",
					"lineHeight": "var:custom|line-height|md"
				}
			},
			"core/quote": {
				"typography": {
					"fontStyle": "italic"
				},
				"elements": {
					"cite": {
						"typography": {
							"fontFamily": "var:preset|font-family|tertiary",
							"fontSize": "var:preset|font-size|lg",
							"lineHeight": "var:custom|font-size|lg"
						}
					}
				}
			},
			"core/site-title": {
				"typography": {
					"fontSize": "var:preset|font-size|lg",
					"fontStyle": "italic",
					"fontWeight": "900",
					"textTransform": "none"
				}
			},
			"core/verse": {
				"typography": {
					"fontStyle": "italic"
				}
			},
			"blockwheels/breadcrumbs": {
				"color": {
					"gradient": "var:preset|gradient|90-deg-neutral-50-transparent"
				},
				"typography": {
					"fontFamily": "var:preset|font-family|tertiary",
					"fontSize": "var:preset|font-size|md",
					"lineHeight": "var:custom|line-height|md"
				}
			}
		},
		"variations": {
			"site-footer": {
				"color": {
					"background": "transparent"
				},
				"border": {
					"top": {
						"color": "var:custom|global|border|color",
						"style": "var:custom|global|border|style",
						"width": "var:custom|global|border|width"
					}
				}
			}
		}
	}
}
