{
	"$schema": "https://schemas.wp.org/trunk/theme.json",
	"version": 3,
	"title": "Chestnut Rose",
	"settings": {
		"color": {
			"palette": [
				{
					"slug": "primary-950",
					"color": "#3a181f",
					"name": "Primary: 950"
				},
				{
					"slug": "primary-900",
					"color": "#69323f",
					"name": "Primary: 900"
				},
				{
					"slug": "primary-800",
					"color": "#7a3745",
					"name": "Primary: 800"
				},
				{
					"slug": "primary-700",
					"color": "#913f4d",
					"name": "Primary: 700"
				},
				{
					"slug": "primary-600",
					"color": "#ad515e",
					"name": "Primary: 600"
				},
				{
					"slug": "primary-500",
					"color": "#c46f77",
					"name": "Primary: 500"
				},
				{
					"slug": "primary-400",
					"color": "#d7959a",
					"name": "Primary: 400"
				},
				{
					"slug": "primary-300",
					"color": "#e6bbbe",
					"name": "Primary: 300"
				},
				{
					"slug": "primary-200",
					"color": "#f1dadb",
					"name": "Primary: 200"
				},
				{
					"slug": "primary-100",
					"color": "#f8ebeb",
					"name": "Primary: 100"
				},
				{
					"slug": "primary-50",
					"color": "#fbf5f5",
					"name": "Primary: 50"
				},
				{
					"slug": "secondary-950",
					"color": "#0b231c",
					"name": "Secondary: 950"
				},
				{
					"slug": "secondary-900",
					"color": "#153f33",
					"name": "Secondary: 900"
				},
				{
					"slug": "secondary-800",
					"color": "#194c3c",
					"name": "Secondary: 800"
				},
				{
					"slug": "secondary-700",
					"color": "#1d5f4a",
					"name": "Secondary: 700"
				},
				{
					"slug": "secondary-600",
					"color": "#24775a",
					"name": "Secondary: 600"
				},
				{
					"slug": "secondary-500",
					"color": "#318c6b",
					"name": "Secondary: 500"
				},
				{
					"slug": "secondary-400",
					"color": "#56b18d",
					"name": "Secondary: 400"
				},
				{
					"slug": "secondary-300",
					"color": "#88cdb0",
					"name": "Secondary: 300"
				},
				{
					"slug": "secondary-200",
					"color": "#b7e3ce",
					"name": "Secondary: 200"
				},
				{
					"slug": "secondary-100",
					"color": "#daf1e4",
					"name": "Secondary: 100"
				},
				{
					"slug": "secondary-50",
					"color": "#f0f9f5",
					"name": "Secondary: 50"
				},
				{
					"slug": "black",
					"color": "#000000",
					"name": "Black"
				},
				{
					"slug": "neutral-950",
					"color": "#202831",
					"name": "Neutral: 950"
				},
				{
					"slug": "neutral-900",
					"color": "#313e49",
					"name": "Neutral: 900"
				},
				{
					"slug": "neutral-800",
					"color": "#364856",
					"name": "Neutral: 800"
				},
				{
					"slug": "neutral-700",
					"color": "#3e5466",
					"name": "Neutral: 700"
				},
				{
					"slug": "neutral-600",
					"color": "#4c687d",
					"name": "Neutral: 600"
				},
				{
					"slug": "neutral-500",
					"color": "#608197",
					"name": "Neutral: 500"
				},
				{
					"slug": "neutral-400",
					"color": "#809db0",
					"name": "Neutral: 400"
				},
				{
					"slug": "neutral-300",
					"color": "#adbfcc",
					"name": "Neutral: 300"
				},
				{
					"slug": "neutral-200",
					"color": "#d3dce4",
					"name": "Neutral: 200"
				},
				{
					"slug": "neutral-100",
					"color": "#d9e1e8",
					"name": "Neutral: 100"
				},
				{
					"slug": "neutral-50",
					"color": "#ecf0f4",
					"name": "Neutral: 50"
				},
				{
					"slug": "white",
					"color": "#ffffff",
					"name": "White"
				}
			]
		},
		"custom": {
			"variation": "chestnut-rose",
			"color": {
				"surface": {
					"submenu": {
						"default": "var:preset|color|neutral-50",
						"hover": "var:preset|color|neutral-200"
					}
				},
				"border": {
					"default": "var:preset|color|neutral-50"
				}
			},
			"global": {
				"border": {
					"width": "0",
					"radius": "8px"
				}
			},
			"elements": {
				"label": {
					"fontSize": "var:preset|font-size|xs"
				}
			},
			"embed": {
				"fontFamily": "'JetBrains Mono', monospace"
			}
		},
		"layout": {
			"contentSize": "39rem",
			"wideSize": "68rem"
		},
		"typography": {
			"fontFamilies": [
				{
					"fontFamily": "'Plus Jakarta Sans', Inter, Roboto, 'Helvetica Neue', 'Arial Nova', 'Nimbus Sans', Arial, sans-serif",
					"slug": "primary",
					"name": "Primary (Plus Jakarta Sans)",
					"fontFace": [
						{
							"fontFamily": "Plus Jakarta Sans",
							"fontWeight": "200 800",
							"fontStyle": "normal",
							"fontStretch": "normal",
							"src": [
								"file:./public/fonts/plus-jakarta-sans/plus-jakarta-sans.woff2"
							]
						},
						{
							"fontFamily": "Plus Jakarta Sans",
							"fontWeight": "200 800",
							"fontStyle": "italic",
							"fontStretch": "normal",
							"src": [
								"file:./public/fonts/plus-jakarta-sans/plus-jakarta-sans-italic.woff2"
							]
						}
					]
				},
				{
					"fontFamily": "'JetBrains Mono', ui-monospace, 'Fira Code', 'Cascadia Code', 'Source Code Pro', Menlo, Consolas, 'DejaVu Sans Mono', monospace",
					"slug": "secondary",
					"name": "Secondary (JetBrains Mono)",
					"fontFace": [
						{
							"fontFamily": "JetBrains Mono",
							"fontWeight": "100 800",
							"fontStyle": "normal",
							"fontStretch": "normal",
							"src": [
								"file:./public/fonts/jetbrains-mono/jetbrains-mono.woff2"
							]
						},
						{
							"fontFamily": "JetBrains Mono",
							"fontWeight": "100 800",
							"fontStyle": "italic",
							"fontStretch": "normal",
							"src": [
								"file:./public/fonts/jetbrains-mono/jetbrains-mono-italic.woff2"
							]
						}
					]
				},
				{
					"fontFamily": "'JetBrains Mono', ui-monospace, 'Fira Code', 'Cascadia Code', 'Source Code Pro', Menlo, Consolas, 'DejaVu Sans Mono', monospace",
					"slug": "mono",
					"name": "Monospace"
				}
			]
		}
	},
	"styles": {
		"typography": {
			"fontSize": "var:preset|font-size|sm",
			"lineHeight": "var:custom|line-height|sm"
		},
		"elements": {
			"button": {
				"typography": {
					"fontWeight": "300",
					"fontSize": "var:preset|font-size|xs",
					"lineHeight": "var:custom|line-height|xs"
				}
			},
			"caption": {
				"typography": {
					"fontStyle": "italic",
					"fontWeight": "300",
					"fontSize": "var:preset|font-size|xs",
					"lineHeight": "var:custom|line-height|xs"
				}
			},
			"heading": {
				"typography": {
					"fontWeight": "200",
					"letterSpacing": "-0.02em"
				}
			}
		},
		"blocks": {
			"core/comment-reply-link": {
				"typography": {
					"fontSize":"var:preset|font-size|xs",
					"lineHeight":"var:custom|line-height|xs"
				}
			},
			"core/gallery": {
				"typography": {
					"fontStyle": "italic",
					"fontSize": "var:preset|font-size|xs",
					"lineHeight": "var:custom|line-height|xs"
				}
			},
			"core/navigation-submenu": {
				"typography": {
					"fontSize": "var:preset|font-size|xs"
				}
			},
			"core/separator": {
				"color": {
					"text": "var:preset|color|primary-500"
				}
			},
			"core/site-title": {
				"typography": {
					"fontStyle": "italic",
					"fontFamily": "var:preset|font-size|secondary",
					"textTransform": "initial"
				}
			},
			"core/navigation": {
				"typography": {
					"fontSize": "var:preset|font-size|xs",
					"lineHeight": "var:custom|line-height|xs"
				}
			},
			"core/pullquote": {
				"typography": {
					"fontStyle": "italic"
				},
				"elements": {
					"cite": {
						"typography": {
							"fontStyle": "normal",
							"fontWeight": "300"
						}
					}
				}
			},
			"core/quote": {
				"typography": {
					"fontStyle": "italic"
				},
				"elements": {
					"cite": {
						"typography": {
							"fontStyle": "normal",
							"fontWeight": "300",
							"fontSize": "var:preset|font-size|xs",
							"lineHeight": "var:custom|line-height|xs"
						}
					}
				}
			},
			"core/social-links": {
				"typography": {
					"textTransform": "initial"
				}
			},
			"core/table": {
				"typography": {
					"fontWeight": "300",
					"fontSize": "var:preset|font-size|xs",
					"lineHeight": "var:custom|line-height|xs"
				}
			},
			"core/tag-cloud": {
				"typography": {
					"fontSize": "var:preset|font-size|xs"
				}
			},
			"core/verse": {
				"typography": {
					"fontFamily": "var:preset|font-family|secondary",
					"fontStyle": "italic",
					"fontWeight": "300"
				}
			},
			"blogwheels/breadcrumbs": {
				"typography": {
					"fontFamily": "var:preset|font-family|secondary",
					"fontStyle": "italic",
					"fontWeight": "300",
					"fontSize": "var:preset|font-size|xs",
					"lineHeight": "var:custom|line-height|xs"
				}
			}
		},
		"variations": {
			"buttons-primary": {
				"typography": {
					"fontWeight": "300"
				}
			},
			"meta": {
				"typography": {
					"fontSize": "var:preset|font-size|xs",
					"lineHeight": "var:custom|line-height|xs"
				}
			},
			"site-header": {
				"blocks": {
					"blogwheels/breadcrumbs": {
						"color": {
							"gradient": "var:preset|gradient|90-deg-neutral-50-transparent"
						}
					}
				}
			}
		}
	}
}
