{
	"$schema": "https://schemas.wp.org/trunk/theme.json",
	"version": 3,
	"title": "Memories",
	"settings": {
		"blocks": {
			"core/details": {
				"custom": {
					"elements": {
						"summary": {
							"fontFamily": "var:preset|font-family|secondary"
						}
					}
				}
			},
			"core/gallery": {
				"custom": {
					"caption": {
						"background": "rgb(0 0 0 / 30%)",
						"padding": "var:preset|spacing|base"
					}
				}
			},
			"core/navigation-submenu": {
				"custom": {
					"background": "var:preset|color|primary-900",
					"color": "var:preset|color|primary-50"
				}
			},
			"core/table": {
				"custom": {
					"stripes": {
						"stripeBackground": "var:preset|color|neutral-100"
					}
				}
			}
		},
		"custom": {
			"variation": "memories",
			"global": {
				"border": {
					"color": "var:preset|color|neutral-200",
					"style": "solid",
					"width": "1px",
					"radius": "0"
				},
				"fill": {
					"background": "var:preset|color|primary-500",
					"hoverBackground": "var:preset|color|primary-700"
				},
				"outline": {
					"borderWidth": "1px"
				}
			}
		},
		"color": {
			"palette": [
				{
					"slug": "base",
					"color": "#F7FBFC",
					"name": "Base"
				},
				{
					"slug": "contrast",
					"color": "#1e293b",
					"name": "Contrast"
				},
				{
					"slug": "primary-950",
					"color": "#11343b",
					"name": "Primary: 950"
				},
				{
					"slug": "primary-900",
					"color": "#224f57",
					"name": "Primary: 900"
				},
				{
					"slug": "primary-800",
					"color": "#245e66",
					"name": "Primary: 800"
				},
				{
					"slug": "primary-700",
					"color": "#22737c",
					"name": "Primary: 700"
				},
				{
					"slug": "primary-600",
					"color": "#228f98",
					"name": "Primary: 600"
				},
				{
					"slug": "primary-500",
					"color": "#26b0b4",
					"name": "Primary: 500"
				},
				{
					"slug": "primary-400",
					"color": "#41cccf",
					"name": "Primary: 400"
				},
				{
					"slug": "primary-300",
					"color": "#7ee2e2",
					"name": "Primary: 300"
				},
				{
					"slug": "primary-200",
					"color": "#b2efef",
					"name": "Primary: 200"
				},
				{
					"slug": "primary-100",
					"color": "#d6f7f6",
					"name": "Primary: 100"
				},
				{
					"slug": "primary-50",
					"color": "#effcfb",
					"name": "Primary: 50"
				},
				{
					"slug": "secondary-950",
					"color": "#042a24",
					"name": "Secondary: 950"
				},
				{
					"slug": "secondary-900",
					"color": "#0a4a3e",
					"name": "Secondary: 900"
				},
				{
					"slug": "secondary-800",
					"color": "#0a5b4a",
					"name": "Secondary: 800"
				},
				{
					"slug": "secondary-700",
					"color": "#0a725d",
					"name": "Secondary: 700"
				},
				{
					"slug": "secondary-600",
					"color": "#0c8f70",
					"name": "Secondary: 600"
				},
				{
					"slug": "secondary-500",
					"color": "#18b18a",
					"name": "Secondary: 500"
				},
				{
					"slug": "secondary-400",
					"color": "#3ccba2",
					"name": "Secondary: 400"
				},
				{
					"slug": "secondary-300",
					"color": "#74e1bf",
					"name": "Secondary: 300"
				},
				{
					"slug": "secondary-200",
					"color": "#abefd5",
					"name": "Secondary: 200"
				},
				{
					"slug": "secondary-100",
					"color": "#d3f8e8",
					"name": "Secondary: 100"
				},
				{
					"slug": "secondary-50",
					"color": "#edfcf6",
					"name": "Secondary: 50"
				},
				{
					"slug": "neutral-950",
					"color": "#1f2532",
					"name": "Neutral: 950"
				},
				{
					"slug": "neutral-900",
					"color": "#2f3a4b",
					"name": "Neutral: 900"
				},
				{
					"slug": "neutral-800",
					"color": "#334155",
					"name": "Neutral: 800"
				},
				{
					"slug": "neutral-700",
					"color": "#3c4d68",
					"name": "Neutral: 700"
				},
				{
					"slug": "neutral-600",
					"color": "#496080",
					"name": "Neutral: 600"
				},
				{
					"slug": "neutral-500",
					"color": "#5d789a",
					"name": "Neutral: 500"
				},
				{
					"slug": "neutral-400",
					"color": "#7d95b3",
					"name": "Neutral: 400"
				},
				{
					"slug": "neutral-300",
					"color": "#abbbce",
					"name": "Neutral: 300"
				},
				{
					"slug": "neutral-200",
					"color": "#d2d9e5",
					"name": "Neutral: 200"
				},
				{
					"slug": "neutral-100",
					"color": "#ebeef3",
					"name": "Neutral: 100"
				},
				{
					"slug": "neutral-50",
					"color": "#f5f7fa",
					"name": "Neutral: 50"
				},
				{
					"slug": "black",
					"color": "#000000",
					"name": "Black"
				},
				{
					"slug": "white",
					"color": "#ffffff",
					"name": "White"
				}
			]
		},
		"typography": {
			"fontFamilies": [
				{
					"fontFamily": "Caveat, 'Segoe Print', 'Bradley Hand', Chilanka, TSCu_Comic, casual, cursive",
					"slug": "primary",
					"name": "Primary (Caveat)",
					"fontFace": [
						{
							"fontFamily": "Caveat",
							"fontWeight": "400 700",
							"fontStyle": "normal",
							"fontStretch": "normal",
							"src": [ "file:./public/fonts/caveat/caveat.woff2" ]
						}
					]
				},
				{
					"fontFamily": "'Raleway', ui-sans-serif, sans-serif",
					"slug": "secondary",
					"name": "Secondary (Raleway)",
					"fontFace": [
						{
							"fontFamily": "Raleway",
							"fontWeight": "100 900",
							"fontStyle": "normal",
							"fontStretch": "normal",
							"src": [
								"file:./public/fonts/raleway/raleway.woff2"
							]
						},
						{
							"fontFamily": "Raleway",
							"fontWeight": "100 900",
							"fontStyle": "italic",
							"fontStretch": "normal",
							"src": [
								"file:./public/fonts/raleway/raleway-italic.woff2"
							]
						}
					]
				},
				{
					"fontFamily": "ui-monospace, 'Fira Code', 'Cascadia Code', 'Source Code Pro', Menlo, Consolas, 'DejaVu Sans Mono', monospace",
					"slug": "mono",
					"name": "Monospace"
				}
			]
		}
	},
	"styles": {
		"border": {
			"top": {
				"color": "var:preset|color|primary-500",
				"style": "solid",
				"width": "6px"
			},
			"bottom": {
				"color": "var:preset|color|primary-500",
				"style": "solid",
				"width": "6px"
			}
		},
		"elements": {
			"caption": {
				"typography": {
					"fontFamily": "var:preset|font-family|primary",
					"fontSize": "var:preset|font-size|md",
					"lineHeight": "var:custom|line-height|md"
				}
			},
			"heading": {
				"typography": {
					"fontWeight": "700"
				}
			}
		},
		"blocks": {
			"core/comments-title": {
				"typography": {
					"fontSize": "var:preset|font-size|xl",
					"lineHeight": "var:custom|line-height|xl"
				}
			},
			"core/image": {
				"typography": {
					"fontFamily": "var:preset|font-family|primary",
					"fontSize": "var:preset|font-size|md",
					"lineHeight": "var:custom|line-height|md"
				}
			},
			"core/navigation-submenu": {
				"color": {
					"background": "var:preset|color|primary-900",
					"text": "var:preset|color|primary-50"
				},
				"border": {
					"width": "0",
					"radius": "0"
				},
				"css": "--wp--custom--submenu-item--hover-background: var(--wp--preset--color--primary-950);"
			},
			"core/post-comments-form": {
				"elements": {
					"h3": {
						"typography": {
							"fontSize": "var:preset|font-size|lg",
							"lineHeight": "var:custom|line-height|lg"
						}
					}
				}
			},
			"core/pullquote": {
				"typography": {
					"fontFamily": "var:preset|font-family|primary",
					"fontStyle": "italic"
				},
				"elements": {
					"cite": {
						"typography": {
							"fontFamily": "var:preset|font-family|secondary",
							"fontSize": "clamp(var(--wp--preset--font-size--xs), 0.8125em, var(--wp--preset--font-size--md))",
							"fontStyle": "normal",
							"fontWeight": "300"
						}
					}
				},
				"css": "& blockquote {\n\tfont-size: 1.0625em;\n}"
			},
			"core/query-pagination": {
				"typography": {
					"fontFamily": "var:preset|font-family|primary",
					"fontSize": "var:preset|font-size|lg",
					"fontWeight": "500",
					"lineHeight": "var:custom|line-height|lg"
				},
				"elements": {
					"link": {
						"typography": {
							"textDecoration": "none"
						},
						":focus": {
							"typography": {
								"textDecoration": "underline"
							}
						},
						":hover": {
							"typography": {
								"textDecoration": "underline"
							}
						}
					}
				}
			},
			"core/quote": {
				"elements": {
					"cite": {
						"typography": {
							"fontFamily": "var:preset|font-family|primary",
							"fontSize": "1em",
							"fontStyle": "italic"
						}
					}
				}
			},
			"core/site-title": {
				"typography": {
					"fontSize": "var:preset|font-size|xl",
					"fontWeight": "700",
					"letterSpacing": "-0.03em",
					"textTransform": "none"
				}
			},
			"core/verse": {
				"typography": {
					"fontFamily": "var:preset|font-family|primary",
					"fontSize": "var:preset|font-size|lg",
					"fontStyle": "italic",
					"lineHeight": "var:custom|line-height|lg"
				}
			},
			"blockwheels/breadcrumbs": {
				"color": {
					"background": "var:preset|color|neutral-100",
					"gradient": "none",
					"text": "var:preset|color|neutral-500"
				},
				"typography": {
					"fontStyle": "italic",
					"fontSize": "var:preset|font-size|xs",
					"lineHeight": "var:custom|line-height|xs"
				},
				"elements": {
					"link": {
						"typography": {
							"fontStyle": "normal",
							"fontWeight": "500"
						}
					}
				}
			}
		},
		"variations": {
			"archive-header": {
				"border": {
					"top": {
						"color": "var:preset|color|neutral-200",
						"style": "solid",
						"width": "1px"
					},
					"bottom": {
						"color": "var:preset|color|neutral-200",
						"style": "solid",
						"width": "1px"
					}
				},
				"color": {
					"background": "var:preset|color|neutral-100"
				},
				"spacing": {
					"padding": {
						"top": "var:preset|spacing|plus-6",
						"bottom": "var:preset|spacing|plus-6",
						"left": "var:preset|spacing|plus-3",
						"right": "var:preset|spacing|plus-3"
					}
				}
			},
			"meta": {
				"color": {
					"text": "var:preset|color|neutral-500"
				},
				"typography": {
					"fontWeight": "500"
				}
			},
			"site-footer": {
				"border": {
					"top": {
						"color": "var:preset|color|neutral-200",
						"style": "solid",
						"width": "1px"
					}
				},
				"color": {
					"background": "var:preset|color|neutral-100"
				}
			},
			"site-header": {
				"border": {
					"bottom": {
						"color": "var:preset|color|neutral-100",
						"style": "solid",
						"width": "1px"
					}
				},
				"color": {
					"background": "var:preset|color|neutral-50"
				}
			}
		}
	}
}
