{
	"$schema": "https://schemas.wp.org/trunk/theme.json",
	"version": 3,
	"title": "Thunderbird",
	"settings": {
		"blocks": {
			"core/gallery": {
				"custom": {
					"caption": {
						"padding": "var(--wp--preset--spacing--plus-3) var(--wp--preset--spacing--base) var(--wp--preset--spacing--base)"
					}
				}
			},
			"core/paragraph": {
				"custom": {
					"dropCap": {
						"fontFamily": "var:preset|font-family|primary"
					}
				}
			},
			"core/table": {
				"custom": {
					"stripes": {
						"stripeBackground": "var:preset|color|white"
					}
				}
			}
		},
		"custom": {
			"variation": "thunderbird",
			"color": {
				"surface": {
					"level-0": "var:preset|color|neutral-50",
					"level-1": "var:preset|color|white",
					"level-2": "var:preset|color|neutral-100",
					"primary": "var:preset|color|primary-500",
					"button": {
						"primary": {
							"default": "var:preset|color|primary-500",
							"hover": "var:preset|color|primary-700"
						}
					}
				},
				"text": {
					"default": "var:preset|color|neutral-950",
					"muted": "var:preset|color|neutral-500",
					"primary": "var:preset|color|primary-700",
					"on-primary": "var:preset|color|white"
				},
				"border": {
					"default": "var:preset|color|neutral-300"
				}
			},
			"section-1": {
				"color": {
					"surface": {
						"level-0": "var:preset|color|white",
						"level-1": "var:preset|color|neutral-100",
						"level-2": "var:preset|color|neutral-200",
						"primary": "var:preset|color|primary-500",
						"button": {
							"primary": {
								"default": "var:preset|color|primary-500",
								"hover": "var:preset|color|primary-700"
							}
						}
					},
					"text": {
						"default": "var:preset|color|neutral-950",
						"muted": "var:preset|color|neutral-600",
						"primary": "var:preset|color|primary-700",
						"on-primary": "var:preset|color|white"
					},
					"icon": {
						"default": "currentColor",
						"muted": "var:preset|color|neutral-400",
						"primary": "var:preset|color|primary-500"
					},
					"border": {
						"default": "var:preset|color|neutral-300"
					}
				}
			},
			"section-2": {
				"color": {
					"surface": {
						"level-0": "var:preset|color|neutral-100",
						"level-1": "var:preset|color|neutral-200",
						"level-2": "var:preset|color|neutral-300",
						"primary": "var:preset|color|primary-500",
						"button": {
							"primary": {
								"default": "var:preset|color|primary-500",
								"hover": "var:preset|color|primary-700"
							}
						}
					},
					"text": {
						"default": "var:preset|color|neutral-950",
						"muted": "var:preset|color|neutral-700",
						"primary": "var:preset|color|primary-700",
						"on-primary": "var:preset|color|white"
					},
					"icon": {
						"default": "currentColor",
						"muted": "var:preset|color|neutral-400",
						"primary": "var:preset|color|primary-500"
					},
					"border": {
						"default": "var:preset|color|neutral-400"
					}
				}
			},
			"section-3": {
				"color": {
					"surface": {
						"level-0": "var:preset|color|neutral-950",
						"level-1": "var:preset|color|neutral-900",
						"level-2": "var:preset|color|neutral-800",
						"primary": "var:preset|color|primary-500",
						"button": {
							"primary": {
								"default": "var:preset|color|primary-500",
								"hover": "var:preset|color|primary-700"
							}
						}
					},
					"text": {
						"default": "var:preset|color|white",
						"muted": "var:preset|color|neutral-300",
						"primary": "var:preset|color|primary-500",
						"on-primary": "var:preset|color|primary-50"
					},
					"icon": {
						"default": "currentColor",
						"muted": "var:preset|color|neutral-400",
						"primary": "var:preset|color|primary-500"
					},
					"border": {
						"default": "var:preset|color|neutral-800"
					}
				}
			},
			"global": {
				"border": {
					"radius": "8px"
				}
			},
			"pattern": {
				"footerCallToAction": {
					"background": "var:preset|color|white"
				},
				"footerLinks": {
					"background": "var:preset|color|white"
				}
			}
		},
		"color": {
			"palette": [
				{
					"slug": "primary-950",
					"color": "#440d06",
					"name": "Primary: 950"
				},
				{
					"slug": "primary-900",
					"color": "#7e2210",
					"name": "Primary: 900"
				},
				{
					"slug": "primary-800",
					"color": "#9c2610",
					"name": "Primary: 800"
				},
				{
					"slug": "primary-700",
					"color": "#c52e09",
					"name": "Primary: 700"
				},
				{
					"slug": "primary-600",
					"color": "#ee4108",
					"name": "Primary: 600"
				},
				{
					"slug": "primary-500",
					"color": "#fd5c12",
					"name": "Primary: 500"
				},
				{
					"slug": "primary-400",
					"color": "#fe7f39",
					"name": "Primary: 400"
				},
				{
					"slug": "primary-300",
					"color": "#ffad72",
					"name": "Primary: 300"
				},
				{
					"slug": "primary-200",
					"color": "#ffcfa9",
					"name": "Primary: 200"
				},
				{
					"slug": "primary-100",
					"color": "#ffe9d4",
					"name": "Primary: 100"
				},
				{
					"slug": "primary-50",
					"color": "#fff5ed",
					"name": "Primary: 50"
				},
				{
					"slug": "black",
					"color": "#000000",
					"name": "Black"
				},
				{
					"slug": "neutral-950",
					"color": "#24252d",
					"name": "Neutral: 950"
				},
				{
					"slug": "neutral-900",
					"color": "#363944",
					"name": "Neutral: 900"
				},
				{
					"slug": "neutral-800",
					"color": "#3d414f",
					"name": "Neutral: 800"
				},
				{
					"slug": "neutral-700",
					"color": "#424656",
					"name": "Neutral: 700"
				},
				{
					"slug": "neutral-600",
					"color": "#575d72",
					"name": "Neutral: 600"
				},
				{
					"slug": "neutral-500",
					"color": "#6d748a",
					"name": "Neutral: 500"
				},
				{
					"slug": "neutral-400",
					"color": "#8b91a5",
					"name": "Neutral: 400"
				},
				{
					"slug": "neutral-300",
					"color": "#b4b8c5",
					"name": "Neutral: 300"
				},
				{
					"slug": "neutral-200",
					"color": "#d7d9e0",
					"name": "Neutral: 200"
				},
				{
					"slug": "neutral-100",
					"color": "#ededf1",
					"name": "Neutral: 100"
				},
				{
					"slug": "neutral-50",
					"color": "#f6f7f9",
					"name": "Neutral: 50"
				},
				{
					"slug": "white",
					"color": "#ffffff",
					"name": "White"
				}
			]
		},
		"shadow": {
			"presets": [
				{
					"name": "XS",
					"slug": "xs",
					"shadow": "0 0 4px 0 rgb(0 0 0 / 0.05)"
				},
				{
					"name": "Small",
					"slug": "sm",
					"shadow": "0 0 8px 0 rgb(0 0 0 / 0.05)"
				},
				{
					"name": "Medium",
					"slug": "md",
					"shadow": "0 0 12px 0 rgb(0 0 0 / 0.1)"
				},
				{
					"name": "Large",
					"slug": "lg",
					"shadow": "0 0 16px 0 rgb(0 0 0 / 0.1)"
				},
				{
					"name": "XL",
					"slug": "xl",
					"shadow": "0 0 20px -8px rgb(0 0 0 / 0.1)"
				},
				{
					"name": "2XL",
					"slug": "2-xl",
					"shadow": "0 0 24px -12px rgb(0 0 0 / 0.25)"
				},
				{
					"name": "Enlarge",
					"slug": "enlarge",
					"shadow": "0 0 24px 0 rgb(0 0 0 / 0.35)"
				},
				{
					"name": "Inner",
					"slug": "inner",
					"shadow": "inset 0 2px 4px 0 rgb(0 0 0 / 0.05)"
				}
			]
		},
		"typography": {
			"customFontSize": false,
			"dropCap": true,
			"fluid": false,
			"fontFamilies": [
				{
					"fontFamily": "Jost, ui-sans-serif, sans-serif",
					"slug": "primary",
					"name": "Primary (Jost)",
					"fontFace": [
						{
							"fontFamily": "Jost",
							"fontFeatureSettings": "'tnum', 'ss01' 1",
							"fontWeight": "100 900",
							"fontStyle": "normal",
							"fontStretch": "normal",
							"fontVariant": "slashed-zero",
							"src": [
								"file:./public/fonts/jost/jost.woff2"
							]
						},
						{
							"fontFamily": "Jost",
							"fontFeatureSettings": "'tnum', 'ss01' 1",
							"fontWeight": "100 900",
							"fontStyle": "italic",
							"fontStretch": "normal",
							"fontVariant": "slashed-zero",
							"src": [
								"file:./public/fonts/jost/jost-italic.woff2"
							]
						}
					]
				},
				{
					"fontFamily": "Work Sans, ui-sans-serif, sans-serif",
					"slug": "secondary",
					"name": "Secondary (Work Sans)",
					"fontFace": [
						{
							"fontFamily": "Work Sans",
							"fontWeight": "100 900",
							"fontStyle": "normal",
							"fontStretch": "normal",
							"src": [
								"file:./public/fonts/work-sans/work-sans.woff2"
							]
						},
						{
							"fontFamily": "Work Sans",
							"fontWeight": "100 900",
							"fontStyle": "italic",
							"fontStretch": "normal",
							"src": [
								"file:./public/fonts/work-sans/work-sans-italic.woff2"
							]
						}
					]
				},
				{
					"fontFamily": "ui-monospace, 'Fira Code', 'Cascadia Code', 'Source Code Pro', Menlo, Consolas, 'DejaVu Sans Mono', monospace",
					"slug": "mono",
					"name": "Monospace"
				}
			]
		}
	},
	"styles": {
		"typography": {
			"fontWeight": "425"
		},
		"elements": {
			"button": {
				"typography": {
					"fontFamily": "var:preset|font-family|primary"
				}
			},
			"caption": {
				"typography": {
					"fontFamily": "var:preset|font-family|primary"
				}
			},
			"heading": {
				"typography": {
					"fontWeight": "800"
				}
			}
		},
		"blocks": {
			"core/comments-title": {
				"typography": {
					"fontSize": "var:preset|font-size|xl",
					"lineHeight": "var:preset|line-height|xl"
				}
			},
			"core/navigation": {
				"typography": {
					"fontFamily": "var:preset|font-family|primary"
				}
			},
			"core/post-comments-form": {
				"elements": {
					"h3": {
						"typography": {
							"fontSize": "var:preset|font-size|lg",
							"lineHeight": "var:custom|line-height|lg"
						}
					}
				}
			},
			"core/pullquote": {
				"typography": {
					"fontFamily": "var:preset|font-family|primary",
					"fontWeight": "700"
				},
				"elements": {
					"cite": {
						"typography": {
							"fontStyle": "normal"
						}
					}
				}
			},
			"core/query-pagination": {
				"typography": {
					"fontFamily": "var:preset|font-family|primary",
					"fontSize": "var:preset|font-size|sm",
					"fontWeight": "500",
					"lineHeight": "var:custom|line-height|sm"
				},
				"elements": {
					"link": {
						"typography": {
							"textDecoration": "none"
						},
						":focus": {
							"typography": {
								"textDecoration": "underline"
							}
						},
						":hover": {
							"typography": {
								"textDecoration": "underline"
							}
						}
					}
				}
			},
			"core/quote": {
				"elements": {
					"cite": {
						"typography": {
							"fontStyle": "normal"
						}
					}
				}
			},
			"core/site-title": {
				"typography": {
					"fontSize": "var:preset|font-size|lg",
					"fontWeight": "800",
					"textTransform": "none"
				}
			},
			"core/verse": {
				"typography": {
					"fontStyle": "italic"
				}
			},
			"blogwheels/breadcrumbs": {
				"typography": {
					"fontFamily": "var:preset|font-family|primary",
					"fontSize": "var:preset|font-size|sm",
					"lineHeight": "var:custom|line-height|sm"
				}
			}
		},
		"variations": {
			"meta": {
				"color": {
					"text": "var:preset|color|neutral-500"
				}
			},
			"section-3": {
				"elements": {
					"link": {
						"color": {
							"text": "var:custom|color|text|default"
						}
					}
				}
			},
			"site-footer": {
				"border": {
					"top": {
						"color": "var:preset|color|neutral-100",
						"style": "solid",
						"width": "1px"
					}
				},
				"color": {
					"background": "var:preset|color|white"
				}
			},
			"site-header": {
				"border": {
					"bottom": {
						"color": "var:preset|color|neutral-100",
						"style": "solid",
						"width": "1px"
					}
				},
				"color": {
					"background": "var:preset|color|white"
				},
				"blocks": {
					"blogwheels/breadcrumbs": {
						"border": {
							"top": {
								"color": "var:preset|color|neutral-100",
								"style": "solid",
								"width": "1px"
							}
						},
						"color": {
							"text": "var:custom|color|text|muted",
							"gradient": "var:preset|gradient|90-deg-white-transparent"
						}
					}
				}
			}
		}
	}
}
