{
	"$schema": "https://schemas.wp.org/trunk/theme.json",
	"version": 3,
	"title": "Dream",
	"settings": {
		"color": {
			"palette": [
				{
					"slug": "primary-950",
					"color": "#202431",
					"name": "Primary: 950"
				},
				{
					"slug": "primary-900",
					"color": "#30364a",
					"name": "Primary: 900"
				},
				{
					"slug": "primary-800",
					"color": "#353e57",
					"name": "Primary: 800"
				},
				{
					"slug": "primary-700",
					"color": "#3d4967",
					"name": "Primary: 700"
				},
				{
					"slug": "primary-600",
					"color": "#4a597f",
					"name": "Primary: 600"
				},
				{
					"slug": "primary-500",
					"color": "#5b6d93",
					"name": "Primary: 500"
				},
				{
					"slug": "primary-400",
					"color": "#7f90b1",
					"name": "Primary: 400"
				},
				{
					"slug": "primary-300",
					"color": "#acb6cd",
					"name": "Primary: 300"
				},
				{
					"slug": "primary-200",
					"color": "#d3d8e4",
					"name": "Primary: 200"
				},
				{
					"slug": "primary-100",
					"color": "#ebedf3",
					"name": "Primary: 100"
				},
				{
					"slug": "primary-50",
					"color": "#f6f7f9",
					"name": "Primary: 50"
				},
				{
					"slug": "secondary-950",
					"color": "#3a1e15",
					"name": "Secondary: 950"
				},
				{
					"slug": "secondary-900",
					"color": "#6d3f2f",
					"name": "Secondary: 900"
				},
				{
					"slug": "secondary-800",
					"color": "#824632",
					"name": "Secondary: 800"
				},
				{
					"slug": "secondary-700",
					"color": "#9d5138",
					"name": "Secondary: 700"
				},
				{
					"slug": "secondary-600",
					"color": "#bb6447",
					"name": "Secondary: 600"
				},
				{
					"slug": "secondary-500",
					"color": "#d18166",
					"name": "Secondary: 500"
				},
				{
					"slug": "secondary-400",
					"color": "#e09f89",
					"name": "Secondary: 400"
				},
				{
					"slug": "secondary-300",
					"color": "#ecc3b5",
					"name": "Secondary: 300"
				},
				{
					"slug": "secondary-200",
					"color": "#f5dcd3",
					"name": "Secondary: 200"
				},
				{
					"slug": "secondary-100",
					"color": "#f9ece7",
					"name": "Secondary: 100"
				},
				{
					"slug": "secondary-50",
					"color": "#fcf6f4",
					"name": "Secondary: 50"
				},
				{
					"slug": "black",
					"color": "#000000",
					"name": "Black"
				},
				{
					"slug": "neutral-950",
					"color": "#21292b",
					"name": "Neutral: 950"
				},
				{
					"slug": "neutral-900",
					"color": "#364042",
					"name": "Neutral: 900"
				},
				{
					"slug": "neutral-800",
					"color": "#3e4a4c",
					"name": "Neutral: 800"
				},
				{
					"slug": "neutral-700",
					"color": "#455759",
					"name": "Neutral: 700"
				},
				{
					"slug": "neutral-600",
					"color": "#50676a",
					"name": "Neutral: 600"
				},
				{
					"slug": "neutral-500",
					"color": "#5d7b7d",
					"name": "Neutral: 500"
				},
				{
					"slug": "neutral-400",
					"color": "#789798",
					"name": "Neutral: 400"
				},
				{
					"slug": "neutral-300",
					"color": "#a5bbbb",
					"name": "Neutral: 300"
				},
				{
					"slug": "neutral-200",
					"color": "#cad7d7",
					"name": "Neutral: 200"
				},
				{
					"slug": "neutral-100",
					"color": "#e3eae9",
					"name": "Neutral: 100"
				},
				{
					"slug": "neutral-50",
					"color": "#f4f7f7",
					"name": "Neutral: 50"
				},
				{
					"slug": "white",
					"color": "#ffffff",
					"name": "Black"
				}
			]
		}
	}
}
